team_id,player_id,name,nationality,position,age,attack,midfield,defence,goalkeeping,pace,shooting,passing,dribbling,defending,physical,value_millions,wage_thousands,potential,is_wonderkid
man_city,mci_haaland,Erling Haaland,Norwegian,ST,25,91,87,69,10,87,92,71,80,47,89,215,445,97,false
man_city,mci_rodri,Rodri,Spanish,CDM,29,87,89,90,10,62,78,86,81,85,81,135,385,93,false
man_utd,mun_fernandes,Bruno Fernandes,Portuguese,CAM,30,88,89,78,10,67,85,92,85,68,75,75,315,89,false
arsenal,arsenal_gabriel,Gabriel,Brazilian,CB,24,76,75,89,10,64,44,64,66,91,84,148.4,288,93,false
man_city,man_city_donnarumma,Gianluigi Donnarumma,Italian,GK,26,10,11,13,89,90,83,72,90,46,88,85.8,206,90,false
arsenal,ars_saliba,William Saliba,French,CB,24,76,76,88,10,77,41,68,73,90,82,108,195,95,false
arsenal,ars_raya,David Raya,Spanish,GK,30,12,14,18,88,87,86,88,88,58,86,38,250,88,false
arsenal,ars_rice,Declan Rice,English,CDM,26,85,87,88,10,72,75,86,81,85,84,120,340,95,false
liverpool,liv_van_dijk,Virgil van Dijk,Holland,CB,34,79,78,88,10,70,60,72,70,89,85,52,295,94,false
liverpool,liverpool_alisson,Alisson,Brazilian,GK,24,10,11,13,87,85,87,82,86,50,86,110.6,221,91,false
man_city,mci_dias,Rúben Dias,Portuguese,CB,28,77,78,87,10,58,44,69,69,87,83,80,235,91,false
arsenal,ars_saka,Bukayo Saka,English,RW,23,87,87,72,10,79,82,85,87,60,73,168,345,97,true
chelsea,che_caicedo,Moisés Caicedo,Ecuadorian,CDM,23,81,82,86,10,69,68,77,81,84,82,120,285,93,false
liverpool,liv_szoboszlai,Dominik Szoboszlai,Hungarian,CAM,24,86,86,80,10,82,83,86,84,74,77,85,205,93,true
newcastle,arsenal_guimaraes,Bruno Guimarães,Brazilian,CM,27,84,86,85,10,59,75,85,84,80,80,59,160,87,false
chelsea,che_fernandez,Enzo Fernández,Argentine,CM,24,85,86,80,10,68,78,86,83,74,76,85,225,90,false
liverpool,liv_isak,Alexander Isak,Swedish,ST,25,86,82,59,10,81,87,72,82,39,72,138,285,91,false
arsenal,ars_odegaard,Martin Ødegaard,Norwegian,CM,26,85,86,74,10,65,78,88,87,66,63,120,340,95,false
arsenal,arsenal_gyokeres,Viktor Gyökeres,Swedish,ST,24,86,84,66,10,81,87,72,78,44,87,95.5,193,90,false
man_city,man_city_cherki,Rayan Cherki,French,RW,24,85,86,60,10,74,79,85,91,41,67,95.5,193,90,false
liverpool,liv_wirtz,Florian Wirtz,German,CAM,22,86,86,68,10,77,79,86,88,54,61,188,320,97,true
sunderland,sunderland_xhaka,Granit Xhaka,Swiss,CDM,24,82,85,84,10,45,75,85,74,78,81,82.5,169,89,false
aston_villa,avl_martinez,Emiliano Martínez,Argentine,GK,33,14,15,18,85,83,81,82,85,50,85,48,210,90,false
everton,eve_pickford,Jordan Pickford,English,GK,31,14,14,18,85,84,80,89,87,57,82,35,110,85,false
man_utd,man_utd_tielemans,Youri Tielemans,Belgian,CM,28,83,85,81,10,53,79,85,80,76,70,40.2,124,85,false
tottenham,tottenham_tonali,Sandro Tonali,Italian,CDM,25,84,85,85,10,79,74,82,80,81,84,61.4,141,88,false
man_city,man_city_guehi,Marc Guéhi,English,CB,25,76,77,85,10,69,46,70,72,85,82,30.4,75,88,false
man_city,bou_semenyo,Antoine Semenyo,Ghanaian,RW,25,85,84,64,10,82,85,79,84,46,80,28,52,88,false
liverpool,liv_gravenberch,Ryan Gravenberch,Holland,CDM,23,84,85,84,10,79,76,81,83,80,80,75,162,89,true
man_city,mci_gvardiol,Joško Gvardiol,Croatian,CB,23,80,80,85,10,78,70,76,77,85,82,90,185,93,true
liverpool,liv_ekitike,Hugo Ekitiké,French,ST,23,85,82,56,10,86,83,72,84,33,73,85,95,90,true
chelsea,che_palmer,Cole Palmer,English,CAM,23,85,84,65,10,75,83,85,85,50,64,165,340,96,false
aston_villa,arsenal_konsa,Ezri Konsa,English,CB,27,77,77,84,10,71,55,72,75,86,80,29.2,85,85,false
arsenal,crystal_palace_eze,Eberechi Eze,English,CAM,27,84,84,69,10,74,80,82,87,57,68,19.1,58,85,false
aston_villa,avl_kamara,Boubacar Kamara,French,CDM,25,77,80,84,10,64,56,78,78,83,78,40,120,85,false
man_city,mci_foden,Phil Foden,English,CAM,25,84,83,66,10,77,82,82,88,57,53,165,445,95,false
chelsea,che_reece,Reece James,English,RB,25,81,82,84,10,76,71,83,78,83,82,75,225,88,false
liverpool,liv_mac_allister,Alexis Mac Allister,Argentine,CM,26,83,84,81,10,61,81,83,82,77,74,80,235,87,false
man_utd,wol_cunha,Matheus Cunha,Brazilian,LM,26,84,81,62,10,77,86,79,84,44,73,62,118,85,false
man_city,az_reijnders,Tijjani Reijnders,Holland,CM,26,84,84,78,10,75,78,81,83,71,76,30,68,87,false
man_utd,bre_mbeumo,Bryan Mbeumo,Cameroonian,RM,26,84,82,65,10,89,83,78,86,49,75,80,110,87,false
man_city,mci_doku,Jérémy Doku,Belgian,LW,23,84,84,60,10,91,75,78,88,40,72,85,175,93,true
arsenal,arsenal_zubimendi,Zubimendi,Spanish,CDM,24,82,84,84,10,65,71,82,80,80,75,71.2,148,88,false
arsenal,ars_timber,Jurriën Timber,Holland,RB,24,79,80,84,10,76,48,76,78,83,78,65,145,91,true
man_city,man_city_anderson,Elliot Anderson,English,CDM,22,83,84,84,10,68,71,83,82,81,78,21.7,45,84,false
arsenal,ars_hincapie,Piero Hincapié,Ecuadorian,LB,23,76,76,84,10,83,48,71,72,84,81,45,95,90,true
chelsea,chelsea_rogers,Morgan Rogers,English,CAM,23,84,84,75,10,76,82,82,84,67,78,5,13,89,false
aston_villa,avl_mcginn,John McGinn,Scottish,RM,30,83,83,82,10,69,80,81,82,78,84,38,155,84,false
aston_villa,avl_watkins,Ollie Watkins,English,ST,29,83,81,67,10,78,82,72,78,51,76,78,235,88,false
arsenal,arsenal_merino,Mikel Merino,Spanish,CM,24,81,83,83,10,51,79,80,79,81,79,61.5,129,87,false
nottm_forest,nfo_gibbs_white,Morgan Gibbs-White,English,CAM,25,83,83,73,10,75,78,83,85,63,74,50,88,83,false
tottenham,tot_porro,Pedro Porro,Spanish,RB,26,81,83,81,10,76,73,82,79,78,75,55,118,85,false
chelsea,brighton_pedro,João Pedro,Brazilian,ST,24,83,81,58,10,77,83,74,84,38,74,33,75,85,false
man_city,man_city_nunes,Matheus Nunes,Portuguese,RB,24,82,83,83,10,87,70,80,79,78,75,61.5,129,87,false
liverpool,liv_mamardashvili,Giorgi Mamardashvili,Georgian,GK,25,10,10,12,83,82,81,75,83,47,82,45,92,88,true
newcastle,new_hall,Lewis Hall,English,LB,20,80,83,82,10,78,64,81,82,80,68,18,30,84,true
man_city,man_city_reilly,Nico O'Reilly,English,LB,24,81,81,83,10,83,70,78,79,81,81,61.5,129,87,false
man_utd,mun_maguire,Harry Maguire,English,CB,32,75,76,82,10,35,57,69,65,83,83,18,192,82,false
man_city,eve_grealish,Jack Grealish,English,LM,29,82,82,66,10,69,76,82,86,53,67,48,280,85,false
tottenham,tot_maddison,James Maddison,English,CM,28,82,82,65,10,65,81,86,84,57,53,65,218,87,false
man_utd,man_utd_rashford,Marcus Rashford,English,LW,27,82,79,52,10,92,83,78,81,33,68,78.1,206,89,false
tottenham,tot_romero,Cristian Romero,Argentine,CB,27,72,71,82,10,64,48,62,64,83,81,75,195,88,false
crystal_palace,cry_henderson,Dean Henderson,English,GK,28,12,14,16,82,83,79,79,82,55,81,28,80,83,false
man_utd,man_utd_ligt,Matthijs de Ligt,Holland,CB,24,75,74,82,10,60,59,66,67,82,81,53.1,113,86,false
tottenham,tottenham_senesi,Marcos Senesi,Argentine,CB,28,74,76,82,10,58,43,73,71,83,80,15,51,82,false
crystal_palace,crystal_palace_munoz,Daniel Muñoz,Colombian,RB,24,80,79,82,10,76,70,73,77,80,77,53.1,113,86,false
man_utd,man_utd_martinez,Lisandro Martínez,Argentine,CB,27,77,78,82,10,66,59,76,75,82,75,44.5,124,85,false
liverpool,liv_gakpo,Cody Gakpo,Holland,LM,26,82,80,62,10,77,83,80,81,47,74,70,168,86,false
everton,eve_garner,James Garner,English,CDM,24,79,81,82,10,64,71,82,77,80,77,20,42,84,true
chelsea,chelsea_lacroix,Maxence Lacroix,French,CB,25,73,71,82,10,86,45,61,67,83,82,35,85,84,false
man_utd,man_utd_lammens,Senne Lammens,Belgian,GK,24,10,11,13,82,80,83,77,83,45,82,53.1,113,86,false
man_city,man_city_marmoush,Omar Marmoush,Egyptian,LW,26,82,79,53,10,87,83,76,83,34,69,32,85,83,false
arsenal,arsenal_tzolis,Christos Tzolis,Greek,LW,23,82,81,56,10,82,80,79,83,38,71,6.6,16,88,false
arsenal,arsenal_calafiori,Riccardo Calafiori,Italian,LB,24,79,80,82,10,71,68,76,77,80,78,53.1,113,86,false
crystal_palace,blackburn_wharton2,Adam Wharton,English,CM,21,79,82,80,10,54,63,85,80,77,69,2,11,90,false
man_utd,man_utd_sesko,Benjamin Šeško,Slovenian,ST,24,82,79,63,10,85,82,67,78,46,77,53.1,113,86,false
everton,marseille_ndiaye,Iliman Ndiaye,Senegalese,LM,25,82,79,61,10,86,77,74,86,44,65,19.3,36,82,false
brentford,brentford_thiago,Igor Thiago,Brazilian,ST,24,82,80,64,10,74,83,67,75,44,85,53.1,113,86,false
man_city,man_city_khusanov,Abdukodir Khusanov,Uzbekistan,CB,24,73,71,82,10,88,39,64,68,83,80,53.1,113,86,false
nottm_forest,nfo_murillo,Murillo,Brazilian,CB,23,76,75,82,10,79,55,67,71,82,83,48,72,91,true
nottm_forest,nfo_wood,Chris Wood,New Zealander,ST,34,81,80,64,10,53,82,67,71,40,80,10,68,81,false
nottm_forest,nfo_sels,Matz Sels,Belgian,GK,33,12,12,15,81,82,79,78,82,44,81,12,40,82,false
man_city,mci_kovacic,Mateo Kovačić,Croatian,CM,31,79,81,77,10,57,74,80,81,73,68,28,215,87,false
newcastle,new_schar,Fabian Schär,Swiss,CB,33,76,78,81,10,49,68,76,73,83,76,14,90,86,false
leeds,leeds_wilson,Harry Wilson,Welsh,RW,28,81,78,58,10,76,82,81,82,46,59,19.9,66,81,false
sunderland,psg_mukiele,Nordi Mukiele,French,RB,27,76,76,81,10,71,50,71,73,81,80,12.6,29,82,false
aston_villa,avl_cash,Matty Cash,Polish,RB,28,79,80,81,10,70,67,75,76,78,76,32,95,81,false
arsenal,arsenal_white,Benjamin White,English,RB,24,75,77,81,10,68,49,75,75,81,77,45.8,99,86,false
crystal_palace,marseille_sarr,Ismaïla Sarr,Senegalese,RW,27,81,79,57,10,87,80,76,80,40,69,19.5,41,81,false
arsenal,ars_havertz,Kai Havertz,German,ST,26,81,80,63,10,69,79,77,80,48,72,80,320,85,false
crystal_palace,cry_mateta,Jean-Philippe Mateta,French,ST,28,81,79,62,10,75,82,69,76,42,81,38,75,82,false
everton,leicester_dewsburyhall,Kiernan Dewsbury-Hall,English,CAM,26,81,81,75,10,68,77,82,81,70,71,1.8,9,83,false
chelsea,wolves_neto,Pedro Neto,Portuguese,RM,25,81,79,59,10,91,76,77,82,40,70,4.3,16,85,false
sunderland,get_alderete,Omar Alderete,Paraguayan,CB,28,74,74,81,10,58,61,63,70,81,80,8,25,81,false
aston_villa,avl_pau_torres,Pau Torres,Spanish,CB,28,72,75,81,10,66,41,75,69,83,74,52,120,86,false
man_city,wol_ait_nouri,Rayan Aït-Nouri,Algerian,LB,24,78,81,81,10,84,52,76,84,77,69,38,65,85,true
tottenham,tottenham_kudus,Mohammed Kudus,Ghanaian,RM,25,81,79,69,10,88,76,74,86,60,74,53.4,124,87,false
tottenham,tottenham_simons,Xavi Simons,Holland,CAM,22,81,80,69,10,75,76,79,84,61,66,43.8,85,88,false
tottenham,tot_kulusevski,Dejan Kulusevski,Swedish,CM,25,81,81,70,10,69,79,83,84,63,70,68,172,84,false
newcastle,new_botman,Sven Botman,Holland,CB,25,71,71,81,10,56,37,62,65,82,80,45,105,89,false
liverpool,liv_frimpong,Jeremie Frimpong,Holland,RB,24,80,81,80,10,94,62,74,82,72,62,70,120,90,false
man_city,man_city_gonzalez,Nico González,Spanish,CDM,24,78,80,81,10,65,70,79,77,78,77,45.8,99,86,false
brighton,bha_mitoma,Kaoru Mitoma,Japanese,LM,28,81,80,67,10,83,76,76,86,57,63,65,120,87,false
newcastle,newcastle_thiaw,Malick Thiaw,German,CB,24,74,74,81,10,70,47,70,71,82,80,45.8,99,86,false
aston_villa,everton_onana,Amadou Onana,Belgian,CDM,24,75,76,81,10,73,68,74,74,81,82,18.8,45,81,false
brighton,bha_verbruggen,Bart Verbruggen,Holland,GK,23,10,10,12,81,80,77,81,84,50,81,25,45,88,true
brentford,brentford_sangare,Mamadou Sangaré,Malian,CM,24,80,80,81,10,80,67,76,81,78,72,21.6,51,82,false
tottenham,tottenham_hecke,Jan Paul van Hecke,Holland,CB,25,75,77,81,10,54,47,75,70,82,80,13.1,35,84,false
liverpool,liv_kerkez,Milos Kerkez,Hungarian,LB,21,80,80,81,10,84,59,75,78,76,79,50,90,90,true
bournemouth,bou_scott,Alex Scott,English,CM,21,79,81,78,10,68,71,80,82,76,73,28,50,88,true
newcastle,new_livramento,Tino Livramento,English,RB,22,78,79,81,10,82,51,73,79,78,73,30,55,88,true
sunderland,sun_roefs,Robin Roefs,Holland,GK,27,10,10,12,81,81,79,77,83,54,81,5,22,82,false
tottenham,tot_van_de_ven,Micky van de Ven,Holland,CB,24,75,73,81,10,90,60,65,72,80,81,75,162,91,true
man_utd,mun_mainoo,Kobbie Mainoo,English,CDM,20,79,81,80,10,66,70,77,83,78,75,65,72,94,true
brighton,brighton_vuskovic,Luka Vušković,Croatian,CB,19,72,71,81,10,54,62,62,65,83,82,25.7,45,85,false
brentford,brentford_kayode,Michael Kayode,Italian,RB,24,78,78,81,10,81,49,72,76,78,80,45.8,99,86,false
chelsea,chelsea_estevao,Estêvão,Brazilian,RM,24,80,77,52,10,89,76,75,84,33,57,39.6,86,85,false
chelsea,chelsea_welbeck,Danny Welbeck,English,ST,34,80,79,63,10,54,82,73,77,45,77,7.2,51,80,false
aston_villa,lyon_digne,Lucas Digne,French,LB,32,79,80,80,10,66,68,79,76,78,73,8.8,29,80,false
everton,eve_tarkowski,James Tarkowski,English,CB,32,71,70,80,10,41,47,64,59,81,84,14,68,83,false
fulham,fulham_iwobi,Alex Iwobi,Nigerian,LM,24,80,80,71,10,68,77,79,82,63,72,39.6,86,85,false
tottenham,tottenham_robertson,Andrew Robertson,Scottish,LB,31,79,80,80,10,72,62,78,76,77,73,24.9,109,86,false
newcastle,new_joelinton,Joelinton,Brazilian,CM,29,75,76,80,10,68,72,76,79,82,90,32,100,83,false
aston_villa,aston_villa_buendia,Emiliano Buendía,Argentine,LM,24,80,80,70,10,65,78,81,84,66,60,39.6,86,85,false
chelsea,che_sanchez,Robert Sánchez,Spanish,GK,27,12,14,16,80,81,78,78,81,53,79,22,72,80,false
fulham,ful_robinson,Antonee Robinson,United States,LB,28,78,78,80,10,88,57,74,76,76,76,28,75,80,false
brentford,bre_jensen,Mathias Jensen,Danish,CM,29,78,80,74,10,63,72,82,78,70,72,18,55,80,false
chelsea,chelsea_chalobah,Trevoh Chalobah,English,CB,24,73,73,80,10,65,53,69,69,81,78,39.6,86,85,false
newcastle,new_barnes,Harvey Barnes,English,LW,27,80,77,57,10,82,81,75,81,43,66,28,78,82,false
newcastle,brentford_wissa,Yoane Wissa,Congo DR,ST,28,80,77,52,10,80,81,70,78,31,70,19.9,66,80,false
brighton,brighton_oglu,Ferdi Kadıoğlu,Turkish,LB,24,78,80,79,10,79,68,76,80,76,67,39.6,86,85,false
leeds,leeds_ampadu,Ethan Ampadu,Welsh,CDM,24,73,75,80,10,68,55,75,73,78,79,39.6,86,85,false
liverpool,liverpool_chiesa,Federico Chiesa,Italian,RM,28,80,77,59,10,87,79,75,83,44,68,70.6,206,88,false
sunderland,sunderland_reinildo,Reinildo,Mozambique,LB,24,75,75,80,10,78,57,69,74,79,77,39.6,86,85,false
man_utd,man_utd_mazraoui,Noussair Mazraoui,Moroccan,RB,24,78,79,80,10,74,64,76,78,78,71,39.6,86,85,false
nottm_forest,nfo_milenkovic,Nikola Milenković,Serbian,CB,27,71,70,80,10,53,46,62,60,81,84,30,72,83,false
tottenham,tot_vicario,Guglielmo Vicario,Italian,GK,29,14,14,18,80,79,77,77,82,48,79,35,95,85,false
brentford,brentford_kelleher,Caoimhín Kelleher,Irish,GK,24,10,11,13,80,80,77,79,82,51,80,39.6,86,85,false
brentford,brentford_damsgaard,Mikkel Damsgaard,Danish,CAM,24,79,80,71,10,66,73,82,81,66,65,39.6,86,85,false
liverpool,liverpool_jones,Curtis Jones,English,CM,24,80,80,77,10,71,74,79,81,73,72,39.6,86,85,false
nottm_forest,nfo_williams,Neco Williams,Welsh,LB,24,75,77,80,10,71,50,73,75,79,72,20,40,85,true
tottenham,tottenham_spence,Djed Spence,English,LB,25,77,77,80,10,89,54,71,79,76,75,11.3,31,84,false
sunderland,sun_le_fee,Enzo Le Fée,French,CAM,25,79,80,73,10,64,72,81,82,69,64,20,48,82,false
crystal_palace,cry_richards,Chris Richards,United States,CB,25,69,69,80,10,65,27,60,66,81,78,22,45,84,false
arsenal,ars_martinelli,Gabriel Martinelli,Brazilian,LW,24,80,79,60,10,88,76,74,82,46,69,75,190,92,false
newcastle,stuttgart_woltemade,Nick Woltemade,German,ST,23,80,79,60,10,67,80,72,81,41,77,7.9,17,80,false
arsenal,chelsea_madueke,Noni Madueke,English,RW,23,80,79,60,10,88,75,74,83,45,69,35.6,75,86,false
bournemouth,bournemouth_truffert,Adrien Truffert,French,LB,24,77,78,80,10,83,57,73,75,76,73,39.6,86,85,false
leeds,lee_stach,Anton Stach,German,CM,26,79,80,80,10,67,72,81,76,78,79,15,42,82,false
crystal_palace,crystal_palace_mingueza,Mingueza,Spanish,RB,24,79,80,80,10,78,69,79,77,76,76,39.6,86,85,false
chelsea,che_colwill,Levi Colwill,English,CB,22,73,74,80,10,68,43,71,71,81,78,60,110,92,true
sunderland,sunderland_sadiki,Noah Sadiki,Congo DR,CDM,24,79,80,80,10,79,67,75,80,75,75,39.6,86,85,false
man_city,man_city_savinho,Savinho,Brazilian,RW,24,80,78,52,10,87,72,76,84,34,52,39.6,86,85,false
tottenham,tottenham_fernandes,Mateus Fernandes,Portuguese,CM,20,79,80,77,10,67,73,79,80,75,73,37.2,66,87,false
brighton,brighton_minteh,Yankuba Minteh,Gambian,RM,24,80,78,67,10,93,72,73,84,57,57,39.6,86,85,false
brighton,man_utd_baleba,Carlos Baleba,Cameroonian,CDM,21,78,79,80,10,74,70,76,79,78,78,15.1,31,83,false
man_utd,man_utd_santos,Andrey Santos,Brazilian,CM,22,77,78,80,10,69,70,76,79,80,78,28.7,58,85,false
aston_villa,aston_villa_manzambi,Johan Manzambi,Swiss,CM,20,80,80,76,10,71,74,73,83,70,71,28.1,51,86,false
bournemouth,bournemouth_kroupi,Eli Junior Kroupi,French,ST,24,80,76,59,10,83,83,71,81,48,65,39.6,86,85,false
liverpool,liverpool_munoz,Víctor Muñoz,Spanish,LM,23,79,77,64,10,94,74,70,80,50,65,17.6,40,82,false
bournemouth,bournemouth_rayan,Rayan,Brazilian,RM,24,79,76,55,10,85,78,74,80,35,74,34.1,76,84,false
brighton,bha_gross,Pascal Groß,German,CDM,34,76,79,73,10,37,74,84,78,71,71,12,85,84,false
fulham,ful_leno,Bernd Leno,German,GK,33,14,14,18,79,78,79,75,79,47,80,15,90,84,false
newcastle,new_burn,Dan Burn,English,CB,33,71,71,79,10,42,36,66,63,79,84,12,65,80,false
man_utd,mun_shaw,Luke Shaw,English,LB,30,76,77,79,10,66,58,78,75,79,80,28,178,83,false
newcastle,newcastle_murphy,Jacob Murphy,English,RW,24,79,78,68,10,76,77,78,79,60,66,34.1,76,84,false
arsenal,everton_nrgaard,Christian Nørgaard,Danish,CDM,31,73,76,79,10,44,65,75,71,77,76,8.1,40,79,false
leeds,lee_calvert_lewin,Dominic Calvert-Lewin,English,ST,28,79,78,61,10,73,77,65,73,39,83,32,80,81,false
fulham,crystal_palace_andersen,Joachim Andersen,Danish,CB,29,74,74,79,10,39,57,71,65,80,83,31.4,109,83,false
nottm_forest,nfo_aina,Ola Aina,Nigerian,RB,29,76,75,79,10,87,62,71,74,77,75,18,48,79,false
liverpool,liv_gomez,Joe Gomez,English,CB,28,71,73,79,10,70,29,70,71,80,73,28,95,82,false
tottenham,tot_solanke,Dominic Solanke,English,ST,27,79,77,61,10,70,79,66,76,42,75,65,98,83,false
tottenham,tot_bentancur,Rodrigo Bentancur,Uruguayan,CDM,28,76,78,79,10,59,68,77,76,78,72,28,118,83,false
fulham,burnley_berge,Sander Berge,Norwegian,CDM,27,73,76,79,10,55,64,75,70,75,84,3.5,14,79,false
arsenal,ars_jesus,Gabriel Jesus,Brazilian,ST,28,79,77,54,10,78,79,74,84,39,68,55,175,84,false
crystal_palace,crystal_palace_kamada,Daichi Kamada,Japanese,CM,24,79,79,72,10,68,75,79,80,67,66,34.1,76,84,false
bournemouth,bou_adams,Tyler Adams,United States,CDM,26,74,75,79,10,77,60,73,76,79,75,22,55,80,false
bournemouth,bou_kluivert,Justin Kluivert,Holland,CAM,26,79,77,56,10,86,78,77,81,42,60,35,68,80,false
bournemouth,bournemouth_tavernier,Marcus Tavernier,English,LM,24,79,78,68,10,80,78,77,79,60,67,34.1,76,84,false
tottenham,tottenham_danso,Kevin Danso,Austrian,CB,27,70,68,79,10,69,32,57,62,78,81,29.2,85,82,false
crystal_palace,cry_mitchell,Tyrick Mitchell,English,LB,26,75,76,79,10,75,54,69,74,77,73,28,62,85,true
bournemouth,bournemouth_diakite,Bafodé Diakité,French,CB,24,72,72,79,10,69,46,66,70,80,78,34.1,76,84,false
everton,eve_branthwaite,Jarrad Branthwaite,English,CB,23,69,68,79,10,71,40,62,59,80,76,65,58,92,true
aston_villa,aston_villa_maatsen,Ian Maatsen,Holland,LB,24,77,79,78,10,87,65,75,81,73,63,34.1,76,84,false
brentford,bre_collins,Nathan Collins,Irish,CB,24,69,68,79,10,54,31,58,64,80,81,28,55,88,true
chelsea,chelsea_fofana,Wesley Fofana,French,CB,24,70,70,79,10,77,41,62,71,80,77,34.1,76,84,false
brighton,brighton_wieffer,Mats Wieffer,Holland,RB,24,77,78,79,10,67,67,76,75,78,76,34.1,76,84,false
man_utd,man_utd_amad,Amad,Ivorian,RM,24,79,77,63,10,83,75,74,83,54,53,34.1,76,84,false
bournemouth,bournemouth_evanilson,Evanilson,Brazilian,ST,24,79,77,57,10,75,78,69,77,37,75,34.1,76,84,false
brighton,brighton_ayari,Yasin Ayari,Swedish,CDM,24,79,79,76,10,69,76,77,80,74,64,34.1,76,84,false
newcastle,newcastle_elanga,Anthony Elanga,Swedish,RW,24,79,78,56,10,94,70,74,80,39,65,34.1,76,84,false
chelsea,chelsea_jackson,Nicolas Jackson,Senegalese,ST,24,79,78,59,10,76,77,69,79,40,76,38,85,86,false
chelsea,che_gusto,Malo Gusto,French,RB,22,77,78,79,10,82,55,75,79,75,73,48,95,89,true
crystal_palace,vil_pino,Yeremy Pino,Spanish,LW,22,79,78,54,10,75,74,80,81,38,51,48,72,86,false
tottenham,tot_udogie,Destiny Udogie,Italian,LB,22,78,78,79,10,88,64,73,77,75,75,55,95,88,true
tottenham,tottenham_sarr,Pape Matar Sarr,Senegalese,CM,22,76,78,79,10,66,66,77,79,78,74,18.8,40,83,false
brentford,brentford_schade,Kevin Schade,German,LM,24,79,75,53,10,92,75,71,78,30,73,34.1,76,84,false
man_city,leeds_trafford,James Trafford,English,GK,22,10,11,13,79,79,77,78,80,48,78,16.4,35,82,false
chelsea,chelsea_barco,Valentín Barco,Argentine,CM,21,77,79,77,10,77,52,81,80,73,63,17.4,35,84,false
liverpool,liv_bradley,Conor Bradley,Northern Irish,RB,22,76,76,79,10,79,62,71,75,76,73,30,58,87,true
brentford,brentford_ouattara,Dango Ouattara,Burkinabe,RM,24,79,77,66,10,85,74,73,80,54,66,34.1,76,84,false
bournemouth,bournemouth_petrovic,Đorđe Petrović,Serbian,GK,24,10,11,13,79,80,78,73,81,49,77,34.1,76,84,false
newcastle,newcastle_toure,Bazoumana Touré,Ivorian,LW,20,78,76,49,10,91,70,71,82,29,52,10.5,21,81,false
chelsea,chelsea_henderson,Jordan Henderson,English,CDM,36,76,78,76,10,53,71,80,74,75,71,6.1,58,78,false
sunderland,sunderland_meunier,Thomas Meunier,Belgian,RB,33,77,76,78,10,59,74,73,71,78,82,6.2,40,78,false
newcastle,new_pope,Nick Pope,English,GK,33,14,14,18,78,78,77,64,80,44,76,28,90,87,false
arsenal,arsenal_kepa,Kepa,Spanish,GK,24,10,11,13,78,77,77,82,80,47,76,29.5,66,83,false
bournemouth,bou_christie,Ryan Christie,Scottish,CDM,30,78,78,77,10,66,71,76,77,73,74,12,52,78,false
crystal_palace,psv_benitez,Walter Benítez,Argentine,GK,32,12,12,15,78,78,77,72,79,40,78,22,65,86,false
fulham,ful_tete,Kenny Tete,Holland,RB,29,73,73,78,10,73,48,69,73,78,75,15,55,78,false
bournemouth,bou_cook,Lewis Cook,English,CDM,28,76,78,78,10,68,63,76,77,75,70,12,48,78,false
brighton,psv_boscagli,Olivier Boscagli,French,CB,27,74,76,78,10,60,53,75,75,78,73,18,48,79,false
tottenham,tot_richarlison,Richarlison,Brazilian,ST,28,78,77,65,10,71,78,72,78,53,76,40,218,83,false
liverpool,liv_endo,Wataru Endo,Japanese,CDM,32,73,74,78,10,56,68,71,74,78,71,22,88,82,false
man_utd,man_utd_mount,Mason Mount,English,CAM,26,78,78,68,10,66,76,80,79,62,61,32,85,83,false
nottm_forest,nottm_forest_schlager,Xaver Schlager,Austrian,CDM,27,76,77,78,10,66,69,72,76,74,78,29.2,85,82,false
man_utd,mun_dalot,Diogo Dalot,Portuguese,RB,26,78,77,78,10,78,63,73,74,74,78,45,118,82,false
brentford,bre_janelt,Vitaly Janelt,German,CDM,27,75,77,78,10,53,70,74,73,76,76,20,52,79,false
nottm_forest,nfo_sangare,Ibrahim Sangaré,Ivorian,CDM,27,73,75,78,10,58,66,73,72,77,82,38,80,81,false
fulham,ful_lukic,Saša Lukić,Serbian,CDM,29,75,76,78,10,75,65,76,73,75,79,18,55,78,false
leeds,lee_gudmundsson,Gabriel Gudmundsson,Swedish,LB,26,78,77,77,10,87,64,73,77,72,75,12,35,80,false
nottm_forest,nottm_forest_dominguez,Nicolás Domínguez,Argentine,CDM,27,75,76,78,10,67,65,75,76,76,74,14.4,45,78,false
tottenham,tottenham_gallagher,Conor Gallagher,English,CM,25,76,77,78,10,68,73,77,76,78,79,17.3,45,82,false
nottm_forest,nfo_hudson_odoi,Callum Hudson-Odoi,English,LM,24,78,77,62,10,77,75,75,80,50,63,25,58,78,false
fulham,ful_bassey,Calvin Bassey,Nigerian,CB,25,73,70,78,10,77,44,63,68,77,85,22,55,83,true
hull,hull_morita,Hidemasa Morita,Japanese,CM,24,77,78,76,10,68,71,75,78,72,78,29.5,66,83,false
brentford,mainz_berg,Sepp van den Berg,Holland,CB,23,70,70,78,10,72,38,64,67,79,76,23.7,43,86,false
sunderland,sunderland_ballard,Daniel Ballard,Northern Irish,CB,24,69,68,78,10,60,43,58,60,78,82,29.5,66,83,false
ipswich,ipswich_maeda,Daizen Maeda,Japanese,LM,24,78,76,72,10,92,77,70,76,64,77,29.5,66,83,false
newcastle,aston_villa_ramsey,Jacob Ramsey,English,CM,24,78,78,73,10,78,75,76,81,69,71,18.8,45,81,false
bournemouth,bournemouth_hill,James Hill,English,CB,24,70,70,78,10,71,40,62,67,78,75,29.5,66,83,false
crystal_palace,everton_johnson,Brennan Johnson,Welsh,RW,24,78,75,56,10,85,76,73,77,43,58,28.6,66,84,false
brighton,brighton_cuyper,Maxim De Cuyper,Belgian,LB,24,76,78,75,10,76,73,80,77,73,72,29.5,66,83,false
sunderland,sunderland_brobbey,Brian Brobbey,Holland,ST,23,78,76,55,10,83,75,61,73,30,85,30.9,66,85,false
nottm_forest,ren_kalimuendo,Arnaud Kalimuendo,French,ST,23,78,75,52,10,79,79,65,79,34,72,22,35,82,false
arsenal,arsenal_vieira,Fábio Vieira,Portuguese,CAM,25,78,78,65,10,75,74,79,79,57,57,19.9,51,81,false
chelsea,chelsea_emegha,Emanuel Emegha,Holland,ST,22,78,75,55,10,88,76,60,69,31,78,38.1,75,87,false
aston_villa,aston_villa_guessand,Evann Guessand,Ivorian,RW,24,78,77,55,10,78,76,73,78,36,72,29.5,66,83,false
chelsea,chelsea_lavia,Roméo Lavia,Belgian,CDM,24,72,75,78,10,66,52,74,78,77,72,29.5,66,83,false
arsenal,arsenal_mosquera,Cristhian Mosquera,Spanish,CB,24,70,70,78,10,74,48,65,66,79,77,29.5,66,83,false
sunderland,sun_hume,Trai Hume,Northern Irish,RB,23,73,73,78,10,75,52,67,70,76,76,12,32,78,false
tottenham,tottenham_tel,Mathys Tel,French,LM,20,78,74,50,10,86,80,70,79,29,64,37.2,66,87,false
man_utd,man_utd_yoro,Leny Yoro,French,CB,24,68,68,78,10,69,41,60,65,79,73,29.5,66,83,false
brighton,brighton_gomez,Diego Gómez,Paraguayan,CM,24,77,78,76,10,70,76,76,77,73,76,29.5,66,83,false
tottenham,tottenham_odobert,Wilson Odobert,French,LM,20,78,75,51,10,86,73,72,80,30,51,28.1,51,86,false
brentford,brentford_yarmoliuk,Yehor Yarmoliuk,Ukrainian,CDM,24,77,78,78,10,66,65,75,76,74,73,29.5,66,83,false
chelsea,strasbourg_penders,Mike Penders,Belgian,GK,20,10,11,13,78,80,77,80,78,33,75,8.3,14,82,false
tottenham,tottenham_bergvall,Lucas Bergvall,Swedish,CM,24,77,78,76,10,74,68,77,78,72,71,29.5,66,83,false
chelsea,ajx_hato,Jorrel Hato,Holland,LB,18,73,73,78,10,85,42,70,74,76,74,15,28,90,true
aston_villa,aston_villa_gomes,João Gomes,Brazilian,CDM,24,74,76,78,10,54,66,74,75,76,76,16.3,40,80,false
man_utd,man_utd_dorgu,Patrick Dorgu,Danish,LM,24,78,77,76,10,86,73,72,77,72,73,29.5,66,83,false
chelsea,chelsea_palestra,Marco Palestra,Italian,RB,24,78,76,76,10,90,65,69,80,70,81,29.5,66,83,false
arsenal,arsenal_skelly,Myles Lewis-Skelly,English,LB,24,77,78,78,10,71,60,75,77,76,77,29.5,66,83,false
tottenham,tottenham_kinsky,Antonín Kinský,Czech,GK,22,10,11,13,77,77,76,76,78,45,76,9.3,21,79,false
nottm_forest,nottm_forest_jesus,Igor Jesus,Brazilian,ST,24,77,75,57,10,68,77,65,72,36,76,16.3,40,80,false
aston_villa,aston_villa_barkley,Ross Barkley,English,CM,24,77,77,70,10,53,77,78,77,65,66,25.5,58,82,false
brighton,bha_dunk,Lewis Dunk,English,CB,33,70,71,77,10,36,52,66,64,78,79,12,65,83,false
aston_villa,aston_villa_bizot,Marco Bizot,Holland,GK,24,10,11,13,77,77,74,71,77,44,78,25.5,58,82,false
crystal_palace,cry_hughes,Will Hughes,English,CDM,30,74,77,77,10,36,62,76,75,73,67,12,45,77,false
aston_villa,avl_mings,Tyrone Mings,English,CB,32,70,71,77,10,57,44,67,61,76,77,10,85,80,false
tottenham,tottenham_dubravka,Martin Dúbravka,Slovak,GK,36,10,11,13,77,77,76,76,77,49,77,6.1,58,78,false
aston_villa,man_utd_lindelof,Victor Lindelöf,Swedish,CB,31,72,74,77,10,50,51,71,68,77,71,21.6,96,82,false
chelsea,fulham_adarabioyo,Tosin Adarabioyo,English,CB,27,70,69,77,10,67,46,63,63,77,78,19.1,58,79,false
brentford,bre_ajer,Kristoffer Ajer,Norwegian,CB,27,73,72,77,10,67,56,65,68,76,79,20,52,79,false
leeds,leeds_rodon,Joe Rodon,Welsh,CB,24,68,66,77,10,76,40,58,59,77,79,25.5,58,82,false
aston_villa,avl_bailey,Leon Bailey,Jamaican,RM,28,77,74,54,10,86,73,73,82,38,58,35,110,82,false
chelsea,chelsea_disasi,Axel Disasi,French,CB,27,68,68,77,10,52,48,60,58,77,78,44.5,124,85,false
aston_villa,aston_villa_abraham,Tammy Abraham,English,ST,24,77,75,57,10,72,76,65,72,36,72,25.5,58,82,false
fulham,fulham_sessegnon,Ryan Sessegnon,English,LB,24,75,77,75,10,78,68,74,78,73,64,25.5,58,82,false
crystal_palace,crystal_palace_larsen,Jørgen Strand Larsen,Norwegian,ST,24,77,74,55,10,73,79,62,70,32,80,25.5,58,82,false
fulham,fulham_rowe,Emile Smith Rowe,English,CAM,24,77,77,63,10,67,73,76,80,53,60,25.5,58,82,false
brighton,brighton_riley,Matt O'Riley,Danish,CAM,24,76,77,70,10,61,77,79,76,67,69,25.5,58,82,false
leeds,leeds_okafor,Noah Okafor,Swiss,LW,25,77,74,50,10,88,76,70,78,32,68,40.3,96,85,false
brentford,bre_lewis_potter,Keane Lewis-Potter,English,LB,24,76,77,76,10,77,70,74,78,72,64,22,48,85,true
leeds,lee_bijol,Jaka Bijol,Slovenian,CB,26,71,69,77,10,63,59,64,62,78,81,25,58,81,false
everton,everton_mykolenko,Vitaliy Mykolenko,Ukrainian,LB,24,73,74,77,10,73,55,70,71,75,72,25.5,58,82,false
brighton,brighton_rutter,Georginio Rutter,French,CAM,24,77,76,68,10,75,75,75,79,61,71,25.5,58,82,false
liverpool,liverpool_elliott,Harvey Elliott,English,CAM,22,77,77,60,10,72,71,76,81,50,44,25,51,85,false
man_utd,man_utd_zirkzee,Joshua Zirkzee,Holland,ST,24,77,77,58,10,67,76,73,80,42,75,25.5,58,82,false
everton,eve_beto,Beto,Bissau-Guinean,ST,27,77,75,52,10,74,77,60,69,25,83,25,68,77,false
everton,mid_hackney,Hayden Hackney,English,CM,23,77,77,75,10,67,68,74,77,70,74,4,18,83,true
man_utd,man_utd_ugarte,Manuel Ugarte,Uruguayan,CDM,24,73,74,77,10,59,64,71,73,76,75,25.5,58,82,false
bournemouth,lev_adli_a,Amine Adli,Moroccan,LM,25,77,76,60,10,78,75,72,81,46,69,18,35,78,false
nottm_forest,nfo_ndoye,Dan Ndoye,Swiss,LM,24,77,75,69,10,88,72,70,79,62,65,30,48,82,true
chelsea,chelsea_jorgensen,Filip Jörgensen,Danish,GK,24,10,11,13,77,77,76,72,78,47,77,25.5,58,82,false
newcastle,newcastle_hornicek,Lukáš Horníček,Czech,GK,24,10,11,13,77,76,76,74,78,28,76,33,75,85,false
chelsea,hull_delap,Liam Delap,English,ST,22,77,74,53,10,76,77,60,75,30,79,12.3,27,81,false
sunderland,sun_diarra,Habib Diarra,Senegalese,CM,21,76,77,75,10,70,70,75,77,71,71,18,35,85,true
chelsea,chelsea_gittens,Jamie Gittens,English,LM,24,77,73,49,10,92,72,66,82,27,55,25.5,58,82,false
aston_villa,mun_garnacho,Alejandro Garnacho,Argentine,LM,21,77,74,53,10,86,77,72,79,37,53,70,82,92,true
bournemouth,bournemouth_silva,António Silva,Portuguese,CB,22,70,69,77,10,77,37,64,69,77,80,66.9,124,90,false
tottenham,tot_gray,Archie Gray,English,CDM,19,73,75,77,10,68,61,73,75,75,72,25,40,87,true
man_city,man_city_lewis,Rico Lewis,English,RB,24,73,77,76,10,75,55,74,79,74,58,25.5,58,82,false
newcastle,newcastle_miley,Lewis Miley,English,CM,24,75,76,77,10,68,66,76,75,76,69,25.5,58,82,false
sunderland,sunderland_talbi,Chemsdine Talbi,Moroccan,RM,24,77,75,62,10,88,72,71,80,51,55,25.5,58,82,false
chelsea,strasbourg_sarr,Mamadou Sarr,Senegalese,CB,20,66,65,77,10,68,38,58,57,78,75,20,29,80,false
brighton,brighton_hinshelwood,Jack Hinshelwood,English,CDM,24,76,77,76,10,66,71,76,76,74,72,25.5,58,82,false
liverpool,liverpool_jacquet,Jérémy Jacquet,French,CB,19,68,67,77,10,64,38,61,62,77,77,45.1,75,88,false
fulham,fulham_kevin,Kevin,Brazilian,LM,24,76,73,51,10,82,70,70,82,33,58,22,51,81,false
crystal_palace,toulouse_canvot,Jaydee Canvot,French,CB,19,68,68,76,10,75,32,62,68,76,76,13.7,20,80,false
man_city,man_city_reis,Vitor Reis,Brazilian,CB,24,68,68,76,10,73,33,60,68,76,75,22,51,81,false
man_utd,man_utd_darlow,Karl Darlow,Welsh,GK,24,10,11,13,76,76,74,70,77,47,75,22,51,81,false
brentford,brentford_wilson,Callum Wilson,English,ST,33,76,73,56,10,65,78,66,75,42,62,16.7,96,82,false
everton,eve_keane,Michael Keane,English,CB,32,69,69,76,10,42,58,62,59,77,76,6,45,79,false
coventry,coventry_grimes,Matt Grimes,English,CDM,24,74,76,74,10,56,61,77,75,70,71,22,51,81,false
crystal_palace,cry_lerma,Jefferson Lerma,Colombian,CDM,30,72,73,76,10,66,70,69,73,76,76,12,55,78,false
bournemouth,bournemouth_brooks,David Brooks,Welsh,RM,24,76,76,60,10,70,71,77,78,49,57,22,51,81,false
brentford,bre_henry,Rico Henry,Jamaican,LB,28,71,73,76,10,80,45,66,75,74,62,15,48,78,false
leeds,lee_nmecha,Lukas Nmecha,German,ST,26,76,74,57,10,77,76,66,73,40,74,20,52,80,false
leeds,lee_perri,Lucas Perri,Brazilian,GK,27,10,10,14,76,76,77,70,77,41,75,14,40,81,false
leeds,leeds_justin,James Justin,English,RB,27,73,74,76,10,75,53,70,72,73,72,19.1,58,79,false
liverpool,liverpool_tsimikas,Kostas Tsimikas,Greek,LB,24,74,75,76,10,78,56,73,73,74,72,22,51,81,false
leeds,leeds_tanaka,Ao Tanaka,Japanese,CM,24,75,76,74,10,67,70,74,77,72,68,22,51,81,false
leeds,lee_longstaff,Sean Longstaff,English,CM,27,74,76,74,10,55,69,77,73,72,67,15,48,78,false
newcastle,newcastle_willock,Joe Willock,English,CM,26,76,76,74,10,75,72,74,78,72,68,24.2,66,81,false
fulham,fulham_cuenca,Jorge Cuenca,Spanish,CB,24,66,67,76,10,60,37,60,60,77,73,22,51,81,false
brighton,brighton_struijk,Pascal Struijk,Holland,CB,26,69,68,76,10,60,46,61,64,76,79,21,58,80,false
chelsea,che_badiashile,Benoît Badiashile,French,CB,24,69,69,76,10,59,45,64,62,76,74,40,88,81,false
crystal_palace,cry_doucoure,Cheick Doucouré,Malian,CDM,25,71,74,76,10,54,55,72,74,74,70,32,62,78,false
leeds,valencia_ramazani,Largie Ramazani,Belgian,LW,24,76,75,56,10,91,70,69,79,41,65,18.2,42,82,false
everton,crystal_palace_mcneil,Dwight McNeil,English,RM,25,76,76,64,10,67,76,77,77,55,65,11.3,31,78,false
brentford,brentford_anthony,Jaidon Anthony,English,LM,26,76,74,56,10,78,72,70,76,39,67,18.2,51,80,false
ipswich,ipswich_scherpen,Kjell Scherpen,Holland,GK,24,10,11,13,76,78,72,71,78,42,75,22,51,81,false
leeds,sheffield_utd_bogle,Jayden Bogle,English,RB,25,75,76,76,10,77,56,70,75,71,72,1.6,9,80,false
tottenham,west_ham_solomon,Manor Solomon,Israeli,LM,26,76,74,55,10,84,72,72,79,43,41,3.6,14,80,false
leeds,leeds_aaronson,Brenden Aaronson,United States,RW,24,76,75,66,10,78,71,74,77,60,62,22,51,81,false
nottm_forest,nottm_forest_bakwa,Dilane Bakwa,French,RM,24,76,73,50,10,87,72,72,77,30,64,22,51,81,false
everton,everton_brien,Jake O'Brien,Irish,RB,24,70,69,76,10,75,50,67,62,76,80,22,51,81,false
nottm_forest,nfo_hutchinson,Omari Hutchinson,English,RM,21,76,74,63,10,79,73,72,79,55,58,28,42,86,true
sunderland,brighton_adingra,Simon Adingra,Ivorian,LM,23,76,74,50,10,87,70,70,80,30,54,26.8,58,84,false
ipswich,hull_philogene,Jaden Philogene,English,LM,23,76,74,56,10,84,73,71,79,41,66,7.6,18,77,false
coventry,wal_rose,Carl Rushworth,English,GK,23,10,11,13,76,76,75,75,77,55,75,1,7,83,false
fulham,ful_muniz,Rodrigo Muniz,Brazilian,ST,24,76,74,60,10,67,77,60,73,42,76,35,72,84,false
everton,everton_iroegbunam,Tim Iroegbunam,English,CDM,24,70,72,76,10,65,58,68,74,75,72,22,51,81,false
everton,everton_barry,Thierno Barry,French,ST,24,76,74,49,10,80,75,65,73,25,73,22,51,81,false
fulham,man_city_bobb,Oscar Bobb,Norwegian,RM,22,76,74,51,10,81,66,73,81,35,43,12.3,27,81,false
chelsea,chelsea_quenda,Geovany Quenda,Portuguese,RM,19,76,74,58,10,86,64,72,79,41,68,14.6,27,82,false
chelsea,chelsea_acheampong,Josh Acheampong,English,CB,24,70,70,75,10,75,50,67,69,75,73,19,44,80,false
nottm_forest,nottm_forest_savona,Nicolò Savona,Italian,RB,24,71,72,75,10,68,53,69,69,74,71,19,44,80,false
man_utd,man_utd_heaven,Ayden Heaven,English,CB,24,67,67,75,10,69,31,59,67,76,74,19,44,80,false
nottm_forest,nottm_forest_cunha,Jair Cunha,Brazilian,CB,20,68,66,75,10,67,38,59,58,74,79,18.4,35,84,false
liverpool,liverpool_ngumoha,Rio Ngumoha,English,LM,24,75,72,52,10,90,71,68,79,37,49,19,44,80,false
hull,hull_butland,Jack Butland,English,GK,24,10,11,13,75,76,74,72,76,49,75,19,44,80,false
sunderland,sunderland_masuaku,Arthur Masuaku,Congo DR,LB,24,75,75,72,10,79,62,74,78,68,78,19,44,80,false
hull,hull_mcburnie,Oli McBurnie,Scottish,ST,24,75,75,58,10,59,76,66,71,36,84,19,44,80,false
fulham,ful_castagne,Timothy Castagne,Belgian,RB,29,73,74,75,10,66,56,70,72,73,71,18,62,77,false
bournemouth,bou_unal,Enes Ünal,Turkish,ST,28,75,74,56,10,53,78,68,74,40,68,18,52,79,false
arsenal,arsenal_nelson,Reiss Nelson,English,RM,25,75,74,52,10,76,69,72,79,36,48,19.9,51,81,false
ipswich,ful_diop,Issa Diop,Moroccan,CB,28,66,64,75,10,57,37,55,57,75,78,18,62,79,false
leeds,leeds_james,Daniel James,Welsh,RW,24,75,73,59,10,89,71,69,76,50,58,19,44,80,false
ipswich,burnley_oshea,Dara O'Shea,Irish,CB,26,66,64,75,10,69,33,56,58,75,79,3.4,14,80,false
nottm_forest,nottm_forest_yates,Ryan Yates,English,CDM,27,68,70,75,10,47,61,67,67,75,75,9.5,31,76,false
coventry,coventry_clark,Ephron Mason-Clark,Jamaican,LM,24,75,72,55,10,86,71,69,76,36,78,19,44,80,false
crystal_palace,arsenal_nketiah,Eddie Nketiah,English,ST,26,75,72,46,10,80,75,64,76,25,64,18.2,51,80,false
brentford,bre_pinnock,Ethan Pinnock,Jamaican,CB,32,64,64,75,10,52,36,55,59,77,69,18,62,81,false
ipswich,gro_janssen2,Azor Matusiwa,Holland,CDM,27,67,70,75,10,57,53,67,69,73,79,6,20,76,false
coventry,brentford_onyeka,Frank Onyeka,Nigerian,CDM,27,72,72,75,10,75,66,68,74,73,79,8.2,27,76,false
brighton,bha_igor_julio,Igor Julio,Brazilian,CB,27,68,66,75,10,62,42,61,57,75,79,18,48,79,false
leeds,lee_bornauw,Sebastiaan Bornauw,Belgian,CB,26,67,67,75,10,64,45,61,57,75,73,20,50,80,false
ipswich,sunderland_clarke,Jack Clarke,English,LM,24,75,73,56,10,78,73,70,78,42,63,16.3,40,82,false
man_utd,mun_bayindir,Altay Bayındır,Turkish,GK,27,10,10,12,75,77,72,70,77,30,75,8,35,78,false
chelsea,chelsea_mudryk,Mykhailo Mudryk,Ukrainian,LM,24,75,72,53,10,92,71,71,78,38,57,19,44,80,false
ipswich,ips_burns2,Leif Davis,English,LB,25,74,75,74,10,79,54,76,73,70,72,3,12,82,false
sunderland,sunderland_isidor,Wilson Isidor,Haitian,ST,24,75,73,53,10,76,74,62,72,32,73,19,44,80,false
leeds,leeds_gruev,Ilia Gruev,Bulgarian,CDM,24,72,74,75,10,64,57,74,72,72,69,19,44,80,false
brentford,bre_hickey,Aaron Hickey,Scottish,RB,23,72,74,75,10,69,56,70,74,74,64,22,48,87,true
coventry,coventry_ewijk,Milan van Ewijk,Holland,RB,24,75,73,75,10,92,58,67,73,68,72,4.6,13,80,false
coventry,huddersfield_rudoni,Jack Rudoni,English,CAM,23,75,75,69,10,71,71,74,77,64,74,1.4,8,76,false
brighton,brighton_costinha,Costinha,Portuguese,RB,24,75,74,74,10,78,65,72,74,70,77,19,44,80,false
nottm_forest,nottm_forest_morato,Morato,Brazilian,CB,24,67,66,75,10,53,37,57,60,75,80,28.6,66,84,false
everton,southampton_alcaraz,Carlos Alcaraz,Argentine,CAM,23,75,74,58,10,71,71,73,78,46,63,2.1,10,75,false
chelsea,chelsea_essugo,Dário Essugo,Portuguese,CDM,24,71,72,75,10,72,61,69,74,74,76,19,44,80,false
leeds,leeds_muharemovic,Tarik Muharemović,Bosnian,CB,23,64,63,75,10,57,23,54,61,76,78,15.3,35,81,false
ipswich,ipswich_fatawu,Abdul Fatawu,Ghanaian,RM,24,75,73,59,10,84,74,72,78,47,67,19,44,80,false
man_utd,man_utd_vitek,Radek Vítek,Czech,GK,24,10,11,13,75,75,72,74,76,46,74,19,44,80,false
newcastle,newcastle_osula,William Osula,Danish,ST,24,75,72,47,10,88,73,60,76,25,71,19,44,80,false
arsenal,arsenal_nwaneri,Ethan Nwaneri,English,RW,24,75,74,60,10,81,69,74,77,50,54,19,44,80,false
bournemouth,bournemouth_rodriguez,Álvaro Rodríguez,Uruguayan,ST,21,75,74,56,10,82,72,64,76,38,77,17.4,35,84,false
fulham,fulham_gonzalo,Gonzalo,Spanish,ST,24,75,73,60,10,72,76,64,71,46,73,19,44,80,false
fulham,fulham_king,Josh King,English,CAM,24,74,74,66,10,69,66,73,78,61,52,16.4,39,79,false
tottenham,tottenham_moore,Mikey Moore,English,LW,24,74,73,51,10,76,68,72,77,35,54,16.4,39,79,false
ipswich,ipswich_emersonn,Emersonn,Brazilian,ST,24,74,72,50,10,81,72,61,76,30,73,16.4,39,79,false
fulham,ful_cairney,Tom Cairney,Scottish,CM,34,72,74,68,10,45,71,76,73,66,62,8,65,78,false
tottenham,tottenham_davies,Ben Davies,Welsh,CB,32,70,73,74,10,52,58,70,70,75,67,7.1,40,78,false
nottm_forest,coventry_awoniyi,Taiwo Awoniyi,Nigerian,ST,28,74,72,53,10,66,73,60,69,32,73,11.3,40,78,false
ipswich,wba_kipre,Cédric Kipré,Ivorian,CB,28,67,62,74,10,68,36,50,55,72,87,4,18,75,false
coventry,cov_haji,Haji Wright,United States,ST,27,74,72,52,10,83,73,61,71,33,75,4,14,80,false
leeds,leeds_piroe,Joël Piroe,Surinamese,ST,24,74,72,50,10,64,76,65,72,29,66,16.4,39,79,false
bournemouth,bournemouth_araujo,Julián Araujo,Mexican,RB,24,69,69,74,10,83,35,64,70,71,72,16.4,39,79,false
ipswich,hul_greaves2,Jacob Greaves,English,CB,24,67,67,74,10,66,40,63,64,74,78,2,10,80,false
coventry,coventry_sakamoto,Tatsuhiro Sakamoto,Japanese,RM,28,74,74,67,10,75,66,71,78,62,64,4.2,16,74,false
brentford,hul_tetteh,Fábio Carvalho,Portuguese,CAM,22,74,73,57,10,74,69,70,77,46,41,4,14,86,true
coventry,cov_thomas2,Bobby Thomas,English,CB,24,67,63,74,10,64,51,51,57,73,83,2,8,78,false
crystal_palace,crystal_palace_riad,Chadi Riad,Moroccan,CB,24,66,67,74,10,61,32,63,63,74,73,16.4,39,79,false
leeds,lee_gnonto,Wilfried Gnonto,Italian,LW,21,74,73,57,10,86,72,66,79,46,67,22,58,89,true
brighton,brighton_ferguson,Evan Ferguson,Irish,ST,20,74,72,46,10,68,75,60,71,21,72,28.1,51,86,false
everton,eve_rohl,Merlin Röhl,German,CAM,23,74,74,69,10,76,65,71,75,63,66,18,38,84,true
aston_villa,aston_villa_bogarde,Lamare Bogarde,Holland,CDM,24,69,71,74,10,66,53,67,70,72,69,16.4,39,79,false
brighton,brighton_buonanotte,Facundo Buonanotte,Argentine,CAM,20,74,72,48,10,74,70,73,75,30,45,12.1,24,81,false
coventry,coventry_amenda,Aurèle Amenda,Swiss,CB,24,64,62,74,10,68,28,53,54,73,77,16.4,39,79,false
hull,hull_hughes,Charlie Hughes,English,CB,24,68,67,74,10,68,40,63,65,73,80,16.4,39,79,false
sunderland,sun_rigg,Chris Rigg,English,CAM,18,74,74,65,10,68,68,74,76,60,56,22,45,90,true
everton,sou_dibling,Tyler Dibling,English,RM,19,74,72,54,10,76,67,71,77,38,64,3,12,88,true
bournemouth,bournemouth_toth,Alex Tóth,Hungarian,CM,24,72,73,71,10,67,68,74,72,70,63,14.1,34,79,false
brighton,brighton_kostoulas,Charalampos Kostoulas,Greek,ST,24,73,71,56,10,79,72,61,74,41,72,14.1,34,79,false
everton,everton_armstrong,Harrison Armstrong,English,CM,24,73,73,73,10,67,64,72,72,69,71,14.1,34,79,false
man_city,nice_bah,Juma Bah,Sierra Leonean,CB,19,63,61,73,10,65,25,53,54,73,75,15.9,23,80,false
brighton,bha_steele,Jason Steele,English,GK,34,10,10,12,73,74,72,78,72,39,73,3,28,75,false
bournemouth,bou_smith,Adam Smith,English,RB,34,71,73,73,10,56,59,72,70,73,68,10,40,75,false
fulham,fulham_lecomte,Benjamin Lecomte,French,GK,24,10,11,13,73,71,72,74,74,41,72,14.1,34,79,false
ipswich,ipswich_walton,Christian Walton,English,GK,30,10,11,13,73,74,72,72,73,38,72,5.2,24,73,false
sunderland,sunderland_nien,Luke O'Nien,English,CB,24,70,69,73,10,66,58,65,67,72,74,14.1,34,79,false
ipswich,west_brom_furlong,Darnell Furlong,English,RB,28,71,69,73,10,73,45,61,70,69,78,2.1,10,73,false
coventry,coventry_dasilva,Jay Dasilva,Welsh,LB,27,71,73,71,10,77,48,70,76,67,63,2.7,10,74,false
coventry,west_brom_thomasasante,Brandon Thomas-Asante,Ghanaian,ST,26,73,72,59,10,83,71,64,72,45,80,2.6,11,74,false
coventry,coventry_torp,Victor Torp,Danish,CDM,25,72,73,69,10,61,73,75,73,68,67,3.2,10,77,false
leeds,leeds_gelhardt,Joe Gelhardt,English,CAM,24,73,70,55,10,76,73,69,75,41,71,14.1,34,79,false
sunderland,wrexham_patterson,Anthony Patterson,English,GK,24,10,11,13,73,73,71,72,75,30,70,1.8,9,79,false
coventry,coventry_kitching,Liam Kitching,English,CB,25,68,65,73,10,62,41,58,62,71,82,5.6,16,73,false
ipswich,norwich_nunez,Marcelino Núñez,Chilean,CAM,25,72,73,68,10,62,71,74,74,64,70,2.3,11,74,false
nottm_forest,nottm_forest_netz,Luca Netz,German,LB,22,70,72,73,10,71,49,70,73,70,66,14.2,31,81,false
brentford,brentford_milambo,Antoni Milambo,Holland,CM,24,73,73,67,10,70,68,70,75,62,59,14.1,34,79,false
sunderland,sunderland_angulo,Nilson Angulo,Ecuadorian,LM,24,73,71,53,10,78,69,69,74,38,59,14.1,34,79,false
nottm_forest,nottm_forest_mcatee,James McAtee,English,RM,22,73,71,55,10,70,69,70,75,41,56,18.8,40,83,false
coventry,coventry_tchaouna,Loum Tchaouna,French,RM,22,73,69,53,10,86,73,66,72,37,63,21.7,45,84,false
brighton,brighton_tzimas,Stefanos Tzimas,Greek,ST,24,73,70,51,10,75,72,56,70,31,70,14.1,34,79,false
man_city,man_city_echeverri,Claudio Echeverri,Argentine,CAM,24,73,71,51,10,86,67,70,79,38,49,14.1,34,79,false
hull,hull_belloumi,Mohamed Belloumi,Algerian,RM,24,73,70,51,10,80,72,71,76,37,59,14.1,34,79,false
everton,everton_george,Tyrique George,English,LM,20,72,70,53,10,78,67,67,74,37,55,9.1,18,80,false
crystal_palace,crystal_palace_devenny,Justin Devenny,Northern Irish,CM,24,71,72,68,10,63,68,73,71,65,66,12.2,30,78,false
newcastle,newcastle_bamba,Aladji Bamba,French,CM,20,69,71,72,10,59,57,67,70,67,75,21.2,40,84,false
newcastle,newcastle_steur,Sean Steur,Holland,CM,19,71,72,70,10,71,53,71,75,64,67,11,21,81,false
bournemouth,bournemouth_milosavljevic,Veljko Milosavljević,Serbian,CB,24,64,63,72,10,53,39,55,55,71,76,12.2,30,78,false
hull,hull_egan,John Egan,Irish,CB,24,65,63,72,10,50,46,52,59,73,76,12.2,30,78,false
fulham,fulham_reed,Harrison Reed,English,CDM,24,69,71,72,10,51,62,71,68,71,61,12.2,30,78,false
ipswich,ipswich_burns,Wes Burns,Welsh,RM,30,72,71,67,10,90,67,64,73,60,71,2.2,11,73,false
hull,mid_mcnair,Paddy McNair,Northern Irish,CB,30,69,69,72,10,60,62,67,67,73,75,2,12,73,false
sunderland,pre_browne3,Alan Browne,Irish,CM,30,72,72,72,10,69,69,70,72,69,78,2,10,72,false
hull,hull_targett,Matt Targett,English,LB,24,69,71,72,10,60,51,70,69,72,68,12.2,30,78,false
man_city,man_city_phillips,Kalvin Phillips,English,CDM,29,70,72,72,10,52,65,72,70,71,65,11.7,45,78,false
everton,eve_travers,Mark Travers,Irish,GK,26,10,10,12,72,73,69,69,74,40,72,8,22,78,false
ipswich,ipswich_hirst,George Hirst,Scottish,ST,24,72,69,58,10,72,71,55,66,43,74,12.2,30,78,false
ipswich,ipswich_taylor,Jack Taylor,Irish,CDM,26,71,71,72,10,69,68,68,70,69,74,2.2,8,75,false
coventry,ipswich_woolfenden,Luke Woolfenden,English,CB,26,66,65,72,10,63,34,61,62,72,75,6.8,21,73,false
hull,pre_millar,Liam Millar,Canadian,LM,25,72,71,61,10,85,66,66,75,52,59,2,10,76,false
ipswich,stoke_johnson2,Ben Johnson,English,RB,25,68,68,72,10,69,48,64,68,72,69,2.7,12,76,false
hull,hul_lowe2,Regan Slater,English,CDM,25,72,72,71,10,71,62,70,74,68,70,2,10,72,false
crystal_palace,crystal_palace_sosa,Borna Sosa,Croatian,LB,24,69,72,70,10,68,53,75,73,70,66,12.2,30,78,false
hull,hull_giles,Ryan Giles,English,LB,24,72,72,69,10,86,60,71,73,62,67,12.2,30,78,false
brighton,brighton_svoboda,Michael Svoboda,Austrian,CB,23,66,63,72,10,56,47,53,55,71,83,13.3,31,80,false
ipswich,bristol_city_mehmeti,Anis Mehmeti,Albanian,CAM,24,72,71,62,10,76,70,68,74,54,66,2.1,10,73,false
man_city,man_city_kabore,Issa Kaboré,Burkinabe,RB,24,71,70,72,10,86,44,64,72,66,74,12.2,30,78,false
liverpool,liverpool_jaros,Vítězslav Jaroš,Czech,GK,24,10,11,13,72,72,70,71,73,39,71,12.2,30,78,false
chelsea,union_berlin_fofana,David Datro Fofana,Ivorian,ST,22,72,70,46,10,82,70,60,74,25,73,25.2,43,87,false
coventry,ply_cosgrove2,Kaine Kesler-Hayden,English,RB,22,72,72,72,10,88,55,66,71,65,65,1,5,76,false
tottenham,tottenham_takai,Kota Takai,Japanese,CB,20,64,63,72,10,63,32,55,62,72,70,21.2,40,84,false
sunderland,sunderland_mundle,Romaine Mundle,English,LM,24,72,70,52,10,78,71,68,74,38,53,12.2,30,78,false
leeds,leeds_joseph,Mateo Joseph,Spanish,ST,24,72,69,57,10,82,73,59,70,45,72,12.2,30,78,false
liverpool,liverpool_bajcetic,Stefan Bajcetic,Spanish,CDM,21,68,70,72,10,69,52,67,73,71,62,17.4,35,84,false
aston_villa,aston_villa_junior,Samuel Iling-Junior,English,LM,24,72,71,63,10,80,64,68,75,56,59,12.2,30,78,false
brighton,brighton_osman,Ibrahim Osman,Ghanaian,LM,24,72,69,48,10,91,64,63,76,28,57,12.2,30,78,false
chelsea,dortmund_anselmino,Aarón Anselmino,Argentine,CB,20,66,66,72,10,72,45,62,63,73,70,24.2,38,87,false
liverpool,liv_leoni,Giovanni Leoni,Italian,CB,18,62,62,71,10,57,30,54,58,72,68,18,22,90,true
aston_villa,leipzig_nedeljkovic,Kosta Nedeljković,Serbian,RB,19,68,69,71,10,78,44,65,69,68,66,11.7,19,84,false
bournemouth,bournemouth_forster,Fraser Forster,English,GK,24,10,11,13,71,70,69,67,71,27,71,10.5,26,77,false
hull,hull_crooks,Matt Crooks,English,CAM,24,69,70,71,10,54,69,68,69,67,85,10.5,26,77,false
ipswich,ipswich_akpom,Chuba Akpom,English,ST,24,71,70,50,10,74,70,59,70,31,73,10.5,26,77,false
liverpool,liv_woodman,Freddie Woodman,English,GK,28,10,10,12,71,72,69,62,71,46,68,6,30,78,false
ipswich,wba_albinson,Alex Palmer,English,GK,28,10,10,12,71,72,70,70,71,38,70,2,10,76,false
brentford,brentford_dasilva,Josh Dasilva,English,CM,24,71,71,66,10,64,71,72,74,64,61,10.5,26,77,false
coventry,coventry_latibeaudiere,Joel Latibeaudiere,Jamaican,CB,25,65,64,71,10,53,38,57,61,71,76,5.6,16,73,false
nottm_forest,nottm_forest_victor,John Victor,Brazilian,GK,24,10,11,13,71,74,67,66,76,38,68,10.5,26,77,false
nottm_forest,nottm_forest_richards,Omar Richards,English,LB,27,68,69,71,10,75,47,63,72,68,62,8.2,27,74,false
arsenal,arsenal_meslier,Illan Meslier,French,GK,25,10,11,13,71,69,70,68,71,38,70,30.4,75,84,false
coventry,cov_simms,Ellis Simms,English,ST,24,71,69,53,10,71,72,56,65,34,78,3,12,80,false
coventry,coventry_eccles,Josh Eccles,English,CDM,24,70,71,71,10,69,65,69,69,69,71,3.5,10,71,false
everton,eve_patterson,Nathan Patterson,Scottish,RB,23,67,68,71,10,68,46,66,69,72,67,18,42,83,true
brighton,brighton_cashin,Eíran Cashin,Irish,CB,23,65,64,71,10,55,43,56,59,70,77,5.7,14,75,false
tottenham,tottenham_phillips,Ashley Phillips,English,CB,24,64,63,71,10,66,40,56,60,71,76,10.5,26,77,false
ipswich,ipswich_mcateer,Kasey McAteer,Irish,RM,24,71,69,62,10,81,67,66,71,54,64,10.5,26,77,false
bournemouth,bournemouth_doak,Ben Gannon-Doak,Scottish,RM,24,71,69,46,10,88,66,67,75,28,52,10.5,26,77,false
chelsea,sun_guiu,Marc Guiu,Spanish,ST,19,71,69,53,10,71,70,55,69,36,72,18,30,88,true
brighton,swansea_yalcouye,Malick Yalcouyé,Ivorian,CM,19,70,70,69,10,81,61,67,72,65,67,0.9,7,81,true
ipswich,ipswich_egeli,Sindre Walle Egeli,Norwegian,RM,24,70,67,47,10,84,62,62,71,25,64,9.1,23,76,false
newcastle,newcastle_jaouen,Ewen Jaouen,French,GK,22,10,11,13,70,71,70,68,70,32,70,12.3,27,81,false
man_city,man_city_alleyne,Max Alleyne,English,CB,24,64,63,70,10,70,34,58,66,70,72,9.1,23,76,false
aston_villa,aston_villa_alysson,Alysson,Brazilian,RM,24,70,68,50,10,76,65,65,73,34,60,9.1,23,76,false
tottenham,tottenham_souza,Souza,Brazilian,LB,24,68,69,70,10,78,45,65,70,66,62,9.1,23,76,false
hull,wba_ajayi,Semi Ajayi,Nigerian,CB,31,65,62,70,10,67,48,52,59,69,78,2,12,74,false
hull,hul_coyle2,Lewie Coyle,English,RB,29,69,68,70,10,69,53,66,67,67,75,2,10,72,false
ipswich,hul_sherif,Chiedozie Ogbene,Irish,RM,27,70,68,67,10,89,63,64,70,63,70,2,10,74,false
bournemouth,bournemouth_aarons,Max Aarons,English,RB,25,69,69,70,10,76,42,64,71,65,70,6.5,18,77,false
ipswich,ipswich_clarke,Harry Clarke,English,RB,23,69,66,70,10,78,57,60,65,66,79,5.7,14,75,false
coventry,coventry_dovin,Oliver Dovin,Swedish,GK,24,10,11,13,70,70,68,68,71,47,68,9.1,23,76,false
hull,hull_matazo,Eliot Matazo,Belgian,CDM,24,70,70,70,10,68,60,67,73,67,72,9.1,23,76,false
crystal_palace,crystal_palace_sakyi,Jesurun Rak-Sakyi,Ghanaian,RM,24,70,67,44,10,81,68,64,73,24,51,9.1,23,76,false
man_utd,man_utd_collyer,Toby Collyer,English,CDM,24,67,69,70,10,67,50,69,68,67,69,9.1,23,76,false
hull,hull_zambrano,Óscar Zambrano,Ecuadorian,CDM,24,69,70,70,10,69,59,68,70,67,69,9.1,23,76,false
crystal_palace,mil_alex,Romain Esse,English,RM,19,70,69,56,10,76,64,65,75,44,58,2,10,82,true
crystal_palace,der_ozoh,David Ozoh,English,CDM,20,66,66,70,10,65,55,61,68,67,77,2,8,84,true
nottm_forest,sheffield_utd_bindon,Tyler Bindon,New Zealander,CB,21,66,65,70,10,55,46,59,64,69,73,2.1,11,80,false
liverpool,liverpool_koumas,Lewis Koumas,Welsh,LM,24,69,66,50,10,80,67,62,71,33,65,7.9,20,75,false
tottenham,portsmouth_yang,Yang Min Hyeok,Korea Republic,RM,19,69,67,47,10,75,66,62,73,31,48,1.5,9,76,true
man_city,man_city_mfuni,Stephen Mfuni,English,CB,24,65,64,69,10,74,37,57,66,68,69,7.9,20,75,false
man_city,man_city_mukasa,Divine Mukasa,English,CAM,24,69,69,62,10,68,67,69,70,58,60,7.9,20,75,false
sunderland,sunderland_bi,Jocelin Ta Bi,Ivorian,RM,24,69,66,51,10,88,68,62,74,39,53,7.9,20,75,false
man_city,man_city_bettinelli,Marcus Bettinelli,English,GK,24,10,11,13,69,69,69,69,69,30,70,7.9,20,75,false
hull,hull_omur,Abdülkadir Ömür,Turkish,RM,24,69,68,60,10,78,63,68,71,53,56,7.9,20,75,false
hull,hull_drameh,Cody Drameh,English,RB,24,66,65,69,10,82,37,58,69,66,72,7.9,20,75,false
brentford,brentford_valdimarsson,Hákon Valdimarsson,Icelandic,GK,24,10,11,13,69,68,66,70,70,40,68,7.9,20,75,false
crystal_palace,crystal_palace_franca,Matheus França,Brazilian,CAM,21,69,67,51,10,77,68,65,73,36,65,13.1,27,82,false
hull,hull_destan,Enis Destan,Turkish,ST,24,69,68,59,10,67,68,63,67,48,70,7.9,20,75,false
ipswich,ipswich_oevelen,Kayne van Oevelen,Holland,GK,24,10,11,13,69,69,65,74,68,30,69,7.9,20,75,false
brighton,bol_cozier_duberry,Amario Cozier-Duberry,English,RM,20,69,67,51,10,82,65,62,72,37,53,1,6,80,true
man_utd,man_utd_amass,Harry Amass,English,LB,24,66,67,69,10,77,42,62,70,65,59,7.9,20,75,false
aston_villa,aston_villa_cisse,Modou Kéba Cissé,Senegalese,CB,20,61,59,68,10,69,38,53,53,69,69,12.1,24,81,false
coventry,coventry_bidwell,Jake Bidwell,English,LB,24,65,65,68,10,56,47,63,61,67,73,6.8,17,74,false
coventry,cov_wilson,Ben Wilson,English,GK,32,10,11,13,68,70,67,62,71,41,65,2,10,71,false
hull,hull_dowell,Kieran Dowell,English,RM,24,68,68,53,10,60,67,71,71,45,55,6.8,17,74,false
chelsea,chelsea_slonina,Gabriel Slonina,United States,GK,24,10,11,13,68,70,64,63,70,45,65,6.8,17,74,false
sunderland,sunderland_ellborg,Melker Ellborg,Swedish,GK,24,10,11,13,68,69,67,66,68,45,67,6.8,17,74,false
bournemouth,bournemouth_jebbison,Daniel Jebbison,Canadian,ST,24,68,66,49,10,85,65,51,62,30,76,6.8,17,74,false
sunderland,sunderland_seelt,Jenson Seelt,Holland,CB,24,60,58,68,10,56,35,49,50,68,72,6.8,17,74,false
bournemouth,bournemouth_soler,Julio Soler,Argentine,LB,24,64,65,68,10,73,47,60,67,67,58,6.8,17,74,false
hull,hull_gyabi,Darko Gyabi,English,CM,24,68,68,68,10,69,60,65,70,65,73,6.8,17,74,false
hull,portsmouth_kamara,Abu Kamara,English,RM,21,68,65,52,10,86,63,59,70,39,59,1.8,10,77,false
man_city,west_ham_mubama,Divin Mubama,English,ST,21,68,65,48,10,72,66,49,65,28,71,2.8,13,84,false
liverpool,liverpool_mcconnell,James McConnell,English,CDM,24,67,68,65,10,64,57,68,67,61,64,6.8,17,74,false
brentford,brentford_meghoma,Jayden Meghoma,English,LB,24,67,68,67,10,75,44,63,71,62,60,6.8,17,74,false
everton,everton_aznou,Adam Aznou,Moroccan,LB,24,64,67,67,10,76,52,63,70,65,49,5.9,15,73,false
coventry,coventry_brau,Brau,Spanish,LB,24,66,67,67,10,69,49,62,66,63,60,5.9,15,73,false
brentford,brentford_nunes,Gustavo Nunes,Brazilian,LM,24,67,64,46,10,81,61,61,69,31,48,5.9,15,73,false
man_city,man_city_monga,Jeremy Monga,English,LW,24,67,66,48,10,77,60,63,70,34,52,5.9,15,73,false
brentford,brentford_schuster,Jannik Schuster,Austrian,CB,20,59,57,67,10,59,40,51,50,68,68,16,31,83,false
brighton,brighton_yohanna,Zadok Yohanna,Nigerian,RM,24,67,64,52,10,84,63,58,70,40,58,5.9,15,73,false
fulham,fulham_palacios,César Palacios,Spanish,CAM,24,67,66,55,10,65,64,64,67,45,56,5.9,15,73,false
man_utd,man_utd_heaton,Tom Heaton,English,GK,39,10,11,13,67,68,66,65,67,37,68,1.6,27,72,false
hull,hull_akintola,David Akintola,Nigerian,RM,24,67,64,54,10,87,62,59,67,40,70,5.9,15,73,false
tottenham,tot_austin,Brandon Austin,English,GK,26,10,10,12,67,69,65,64,66,41,65,3,20,73,false
ipswich,ipswich_humphreys,Cameron Humphreys,English,CAM,21,67,67,64,10,67,62,66,68,60,64,3.2,8,74,true
brentford,brentford_konak,Yunus Emre Konak,Turkish,CDM,24,63,64,67,10,65,48,61,64,64,69,5.9,15,73,false
tottenham,tottenham_donley,Jamie Donley,Northern Irish,CAM,24,67,66,51,10,66,63,66,67,37,60,5.9,15,73,false
liverpool,liverpool_nyoni,Trey Nyoni,English,CM,18,67,67,63,10,67,57,66,70,60,58,7.5,14,78,false
tottenham,wycombe_abbott,George Abbott,English,CM,20,66,66,64,10,72,62,64,66,60,63,1.3,8,79,false
hull,rotherham_phillips,Dillon Phillips,English,GK,30,10,11,13,66,66,65,62,66,46,65,1.4,8,69,false
sunderland,sunderland_alese,Ajibola Alese,English,LB,24,61,58,66,10,74,35,53,59,66,74,5.1,13,73,false
bournemouth,bou_dennis,Will Dennis,English,GK,25,40,40,45,66,67,65,63,67,39,66,8,28,72,false
sunderland,sunderland_hjelde,Leo Hjelde,Norwegian,LB,24,61,60,66,10,66,32,55,60,66,67,5.1,13,73,false
coventry,coventry_markelo,Jahnoah Markelo,Surinamese,RM,24,66,63,46,10,84,64,59,69,32,55,5.1,13,73,false
man_city,man_city_esbrand,Joshua Wilson-Esbrand,English,LB,24,64,65,66,10,81,41,60,68,61,58,5.1,13,73,false
crystal_palace,leyton_orient_adaramola,Tayo Adaramola,Irish,LB,21,66,65,65,10,91,50,60,64,58,61,1.1,7,76,true
man_utd,man_utd_gore,Daniel Gore,English,CM,24,65,66,65,10,72,52,64,70,61,65,5.1,13,73,false
crystal_palace,exeter_whitworth,Joe Whitworth,English,GK,21,10,11,13,66,65,67,66,65,46,64,1.2,7,77,false
liverpool,liverpool_chambers,Luke Chambers,English,LB,24,64,65,66,10,66,45,62,63,62,63,5.1,13,73,false
brentford,brentford_arthur,Benjamin Arthur,English,CB,24,60,58,66,10,63,33,50,54,65,70,5.1,13,73,false
fulham,fulham_fougerolles,Luc De Fougerolles,Canadian,CB,24,57,54,66,10,63,32,45,52,67,67,5.1,13,73,false
brentford,brentford_furo,Kaye Furo,Belgian,ST,24,65,63,47,10,67,65,54,62,29,67,4.4,12,72,false
aston_villa,aston_villa_aloba,Jamaldeen Jimoh-Aloba,English,CAM,24,65,63,51,10,82,60,61,67,40,57,4.4,12,72,false
man_utd,man_utd_obi,Chido Obi,Danish,ST,24,65,63,45,10,69,64,56,62,28,59,4.4,12,72,false
aston_villa,aston_villa_rowe,Triston Rowe,English,RB,24,61,59,65,10,80,33,53,57,61,68,4.4,12,72,false
aston_villa,aston_villa_madjo,Brian Madjo,English,ST,24,65,64,45,10,70,65,50,58,22,74,4.4,12,72,false
aston_villa,aston_villa_burrowes,Bradley Burrowes,English,RM,24,65,62,48,10,84,63,58,66,35,51,4.4,12,72,false
aston_villa,aston_villa_hemmings,George Hemmings,English,CDM,24,64,65,64,10,68,51,64,67,61,63,4.4,12,72,false
man_utd,man_utd_fletcher,Tyler Fletcher,Scottish,CM,24,63,65,64,10,66,54,67,65,63,64,4.4,12,72,false
man_city,man_city_lawrence,Emilio Lawrence,Scottish,LM,24,65,63,48,10,81,59,60,66,34,49,4.4,12,72,false
man_city,man_city_heskey,Jaden Heskey,English,CM,24,65,65,64,10,70,60,61,66,59,69,4.4,12,72,false
sunderland,sun_moore,Simon Moore,English,GK,33,10,10,12,65,66,64,65,65,47,64,2,12,72,false
liverpool,liverpool_ramsay,Calvin Ramsay,Scottish,RB,24,63,64,65,10,71,47,63,64,62,58,4.4,12,72,false
tottenham,tottenham_scarlett,Dane Scarlett,English,ST,21,65,62,41,10,75,63,52,66,23,63,20.1,40,84,false
sunderland,sunderland_ba,Abdoullah Ba,French,RW,24,65,65,60,10,72,58,62,68,56,55,4.4,12,72,false
ipswich,ipswich_alhamadi,Ali Al Hamadi,Iraqi,ST,23,65,63,41,10,80,64,47,63,18,74,6.6,16,76,false
brentford,brentford_soo,Kim Ji Soo,Korea Republic,CB,24,57,55,65,10,52,29,47,46,65,71,4.4,12,72,false
aston_villa,cre_oreilly,Tommi O'Reilly,English,RM,21,65,64,57,10,75,59,61,66,50,53,1,5,76,false
newcastle,newcastle_murphy2,Alex Murphy,Irish,LB,24,61,60,65,10,66,41,54,60,65,70,4.4,12,72,false
fulham,fulham_harris,Luke Harris,Welsh,CAM,24,65,65,59,10,66,63,63,67,55,59,4.4,12,72,false
brighton,reading_doyle,Kamari Doyle,English,CAM,20,65,65,57,10,60,63,67,66,51,60,1,7,74,true
man_utd,man_utd_lacey,Shea Lacey,English,RM,24,65,62,46,10,82,59,60,70,35,41,4.4,12,72,false
man_utd,man_utd_leon,Diego León,Paraguayan,LB,24,64,63,64,10,77,49,58,64,59,59,3.8,10,71,false
brighton,brighton_howell,Harry Howell,English,RM,24,64,62,45,10,69,60,61,65,31,50,3.8,10,71,false
man_utd,man_utd_devaney,Jacob Devaney,Irish,CDM,24,63,64,63,10,67,53,64,64,61,63,3.8,10,71,false
everton,wolves_king,Tom King,Welsh,GK,30,10,11,13,64,64,63,61,64,42,63,1.8,10,65,false
hull,reading_jacob,Matty Jacob,English,LB,24,62,62,64,10,60,40,58,62,61,65,1.3,7,73,false
man_city,reading_burns,Finley Burns,English,CB,22,60,59,64,10,54,45,54,57,64,69,1.3,8,77,false
man_utd,doncaster_ennis,Ethan Ennis,English,RM,20,64,63,59,10,80,57,58,65,51,71,1,7,74,true
aston_villa,aston_villa_feeney,Josh Feeney,English,CB,24,58,56,64,10,54,32,47,52,64,71,3.8,10,71,false
hull,hull_tutala,Thimothée Lo-Tutala,French,GK,24,10,11,13,64,64,65,61,66,35,61,3.8,10,71,false
brentford,brentford_fredrick,Benjamin Fredrick,Nigerian,CB,24,58,57,63,10,70,32,49,58,62,67,3.3,9,70,false
man_utd,northampton_wheatley,Ethan Wheatley,English,ST,19,63,61,46,10,75,62,50,62,31,65,1,7,75,true
nottm_forest,nottm_forest_abbott,Zach Abbott,English,CB,19,57,56,63,10,63,34,52,54,63,66,5.5,11,77,true
fulham,fulham_araujo,Harvey Araujo,English,CB,24,59,59,63,10,66,31,55,60,62,67,3.3,9,70,false
sunderland,sunderland_tutierov,Timur Tutierov,Ukrainian,ST,24,63,61,39,10,74,63,51,64,20,59,3.3,9,70,false
man_utd,man_utd_fletcher2,Jack Fletcher,English,CM,24,63,63,59,10,67,57,63,65,56,60,3.3,9,70,false
aston_villa,aston_villa_broggio,Ben Broggio,English,RM,24,63,62,51,10,64,58,60,63,39,58,3.3,9,70,false
crystal_palace,cry_matthews,Remi Matthews,English,GK,31,10,10,12,63,64,63,62,63,45,62,4,25,72,false
brentford,brentford_balcombe,Ellery Balcombe,English,GK,25,10,11,13,63,64,62,61,64,39,60,4.2,13,71,false
coventry,coventry_raphael,Raphael,Australian,RM,24,63,60,55,10,84,55,53,66,45,66,3.3,9,70,false
brighton,reading_omahony,Mark O'Mahony,Irish,ST,20,63,62,51,10,75,64,54,60,39,72,1.1,7,76,true
newcastle,newcastle_soo,Park Seung Soo,Korea Republic,LW,24,62,59,39,10,87,58,53,65,26,52,2.8,8,69,false
leeds,leeds_chambers,Sam Chambers,Scottish,CAM,24,62,61,52,10,67,57,61,64,45,51,2.8,8,69,false
man_utd,man_utd_williams,Ethan Williams,English,LM,24,62,60,46,10,80,57,56,64,32,59,2.8,8,69,false
crystal_palace,crystal_palace_cardines,Rio Cardines,Trinidad and Tobago,RB,24,62,62,61,10,69,48,60,61,56,58,2.8,8,69,false
crystal_palace,crystal_palace_thomas,Joél Drakes-Thomas,English,LW,24,62,62,47,10,72,55,59,64,35,51,2.8,8,69,false
newcastle,newcastle_gillespie,Mark Gillespie,English,GK,24,10,11,13,62,63,61,60,64,32,61,2.8,8,69,false
leeds,leeds_cairns,Alex Cairns,English,GK,24,10,11,13,62,63,61,61,62,49,62,2.8,8,69,false
brighton,brighton_mcgill,Tom McGill,Canadian,GK,24,10,11,13,62,62,60,63,63,31,61,2.8,8,69,false
brighton,brighton_vickers,Caylan Vickers,English,ST,24,62,61,46,10,78,58,55,69,36,55,2.8,8,69,false
coventry,coventry_andrews,Kai Andrews,Welsh,CM,24,62,62,60,10,72,56,60,64,57,63,2.8,8,69,false
brentford,brentford_morgan,Iwan Morgan,Welsh,ST,24,62,61,42,10,73,62,56,62,25,64,2.8,8,69,false
fulham,fulham_asare,Jonah Kusi-Asare,Swedish,ST,24,62,60,45,10,63,59,44,60,26,65,2.8,8,69,false
nottm_forest,nottm_forest_moreira,Eric da Silva Moreira,German,RB,19,60,60,61,10,69,47,57,63,59,56,6.3,13,77,false
ipswich,ipswich_barbrook,Finley Barbrook,English,CDM,24,56,57,61,10,65,43,53,61,59,66,2.4,7,68,false
liverpool,liverpool_davies,Harvey Davies,English,GK,24,10,11,13,61,60,63,57,60,29,59,2.4,7,68,false
newcastle,newcastle_shahar,Leo Shahar,English,RB,24,59,60,60,10,69,42,55,60,56,51,2.1,6,67,false
bournemouth,bournemouth_dottin,Remy Rees-Dottin,English,ST,24,60,56,41,10,69,61,46,61,30,51,2.1,6,67,false
hull,hull_mccarthy,Cathal McCarthy,Irish,CB,24,56,56,60,10,62,31,53,58,59,62,2.1,6,67,false
newcastle,newcastle_neave,Sean Neave,English,ST,24,59,57,37,10,65,60,53,60,22,50,1.8,5,66,false
aston_villa,aston_villa_borland,Aidan Borland,Scottish,CM,24,59,59,56,10,64,52,59,63,54,54,1.8,5,66,false
newcastle,newcastle_harris,Aidan Harris,English,GK,24,10,11,13,59,59,57,58,59,24,58,1.8,5,66,false
brentford,brentford_eyestone,Julian Eyestone,United States,GK,24,10,11,13,58,59,57,58,58,25,57,1.6,5,66,false
sunderland,sunderland_abdullahi,Ahmed Abdullahi,Nigerian,ST,24,58,55,34,10,75,58,42,60,18,53,1.6,5,66,false
bournemouth,bournemouth_akinmboni,Matai Akinmboni,United States,CB,24,49,46,57,10,54,25,37,43,58,61,1.3,4,65,false
hull,hull_fleming2,Tyrell Sellars-Fleming,English,ST,24,57,55,39,10,71,58,46,58,27,60,1.3,4,65,false
